ledger_entry_id,entry_sequence,entry_timestamp,merchant_id,lifecycle_stage,event_type,transaction_id,batch_id,payout_id,account_debited,account_credited,amount,currency,balance_pending_settlement,balance_available_for_payout,balance_in_transit,balance_settled_to_bank_cumulative,description
led_demo_01,1,2026-09-01T10:14:22Z,mer_retail_0001,CAPTURE,CAPTURE_GROSS_RECEIVABLE,txn_demo_01,,,GATEWAY_CLEARING_RECEIVABLE,MERCHANT_PENDING_SETTLEMENT,200.0,USD,200.0,0.0,0.0,0.0,Payment capture gross receivable for order ord_clean_1001
led_demo_02,2,2026-09-01T10:14:22Z,mer_retail_0001,CAPTURE,PROCESSING_FEE_ASSESSED,txn_demo_01,,,MERCHANT_PENDING_SETTLEMENT,GATEWAY_REVENUE_FEES,6.1,USD,193.9,0.0,0.0,0.0,Gateway processing fee assessed on txn_demo_01 (2.9% + $0.30)
led_demo_03,3,2026-09-01T21:00:00Z,mer_retail_0001,SETTLEMENT_BATCH,BATCH_SETTLEMENT_CLEARING,,bat_demo_01,,MERCHANT_PENDING_SETTLEMENT,MERCHANT_AVAILABLE_FOR_PAYOUT,310.12,USD,0.0,310.12,0.0,0.0,Batch cutoff closed 2 txns (bat_demo_01). Cleared to available balance.
led_demo_04,1,2026-09-01T21:00:00Z,mer_gaming_0004,SETTLEMENT_BATCH,ROLLING_RESERVE_WITHHELD,,bat_demo_05,,MERCHANT_PENDING_SETTLEMENT,MERCHANT_ROLLING_RESERVE_ESCROW,18.74,USD,0.0,168.7,0.0,0.0,10% rolling risk reserve withheld for 180 days (high-risk gaming)
led_demo_05,4,2026-09-02T03:30:00Z,mer_retail_0001,PAYOUT,PAYOUT_DISPATCHED,,bat_demo_01,po_demo_01,MERCHANT_AVAILABLE_FOR_PAYOUT,PAYOUT_IN_TRANSIT,310.12,USD,0.0,0.0,310.12,0.0,Payout po_demo_01 dispatched via ACH_STANDARD_NEXT_DAY
led_demo_06,5,2026-09-02T13:45:12Z,mer_retail_0001,BANK_CREDIT,BANK_DEPOSIT_CONFIRMED,,bat_demo_01,po_demo_01,PAYOUT_IN_TRANSIT,MERCHANT_EXTERNAL_BANK,310.12,USD,0.0,0.0,0.0,310.12,Bank confirmed credit. Nacha Trace Reference: ACH_SEC_CCD_10829104
led_demo_07,6,2026-09-02T11:15:01Z,mer_retail_0001,CAPTURE,REFUND_REVERSAL_CLAWBACK,txn_demo_05,,,MERCHANT_PENDING_SETTLEMENT,GATEWAY_CLEARING_RECEIVABLE,75.0,USD,-75.0,0.0,0.0,310.12,Customer partial refund clawback applied for order ord_clean_1001
led_demo_08,2,2026-09-02T13:40:30Z,mer_gaming_0004,DISPUTE,DISPUTE_PENALTY_FEE_ASSESSED,txn_demo_06,,,MERCHANT_AVAILABLE_FOR_PAYOUT,PROCESSOR_DISPUTE_PENALTY_REVENUE,25.0,USD,0.0,143.7,0.0,0.0,Formal cardholder chargeback penalty fee assessed (Reason 10.4 Fraud)
led_demo_09,1,2026-09-04T08:20:00Z,mer_chaotic_0005,PAYOUT,ACH_RETURN_FUNDS_BOUNCED,,bat_demo_07,po_demo_07,PAYOUT_IN_TRANSIT,MERCHANT_AVAILABLE_FOR_PAYOUT,855.83,USD,0.0,855.83,0.0,0.0,Payout bounced! Bank returned ACH: R03 No Account. Funds restored to balance.
led_demo_10,2,2026-09-04T18:00:00Z,mer_chaotic_0005,RECOVERY,NEGATIVE_BALANCE_RECOVERY_DEBIT,,bat_demo_08,po_demo_08,MERCHANT_EXTERNAL_BANK_RECOVERY,MERCHANT_AVAILABLE_FOR_PAYOUT,524.5,USD,0.0,0.0,0.0,0.0,Direct debit recovery pull from merchant bank account to clear negative deficit
