ledger_id,merchant_id,entry_sequence,timestamp,lifecycle_stage,event_type,payment_id,settlement_id,account_debited,account_credited,amount_inr,currency,balance_pending_settlement,balance_available_for_payout,balance_in_transit,balance_settled_cumulative,description
rled_demo_01,acc_d2c_0001,1,2026-09-01T10:14:15Z,CAPTURE,PAYMENT_CAPTURED_GROSS,pay_demo_01,,NODAL_CLEARING_RECEIVABLE,MERCHANT_PENDING_SETTLEMENT,2499.0,INR,2499.0,0.0,0.0,0.0,Gross customer payment captured via UPI Intent for order_d2c_1001
rled_demo_02,acc_d2c_0001,2,2026-09-01T10:14:15Z,CAPTURE,MDR_FEE_AND_GST_DEDUCTED,pay_demo_01,,MERCHANT_PENDING_SETTLEMENT,RAZORPAY_REVENUE_AND_GST_TAX,56.03,INR,2442.97,0.0,0.0,0.0,MDR processing fee (₹47.48) and statutory 18% GST (₹8.55) assessed
rled_demo_03,acc_d2c_0001,3,2026-09-01T21:00:00Z,SETTLEMENT_BATCH,SETTLEMENT_CUTOFF_CLEARED,,setl_demo_01,MERCHANT_PENDING_SETTLEMENT,MERCHANT_AVAILABLE_FOR_PAYOUT,3642.97,INR,0.0,3642.97,0.0,0.0,Cutoff batch setl_demo_01 closed 2 txns. Cleared to available balance.
rled_demo_04,acc_gami_0004,1,2026-09-02T21:00:00Z,SETTLEMENT_BATCH,ROLLING_RISK_RESERVE_WITHHELD,,setl_demo_05,MERCHANT_PENDING_SETTLEMENT,MERCHANT_ROLLING_RESERVE_ESCROW,211.09,INR,0.0,1899.79,0.0,0.0,10% rolling risk reserve withheld for 180 days (gaming segment)
rled_demo_05,acc_d2c_0001,4,2026-09-03T02:30:00Z,PAYOUT,NODAL_PAYOUT_DISPATCHED,,setl_demo_01,MERCHANT_AVAILABLE_FOR_PAYOUT,NODAL_PAYOUT_IN_TRANSIT,3642.97,INR,0.0,0.0,3642.97,0.0,Nodal transfer dispatched via NEFT from nodal_icici_mum_01 to HDFC Bank
rled_demo_06,acc_d2c_0001,5,2026-09-03T11:30:12Z,BANK_CREDIT,BANK_CREDIT_CONFIRMED_UTR,,setl_demo_01,NODAL_PAYOUT_IN_TRANSIT,MERCHANT_BENEFICIARY_BANK,3642.97,INR,0.0,0.0,0.0,3642.97,Bank credit confirmed. RBI UTR Reference: ICICR52026090310829104
rled_demo_07,acc_d2c_0001,6,2026-09-02T09:15:02Z,CAPTURE,CUSTOMER_REFUND_CLAWBACK,pay_demo_05,,MERCHANT_PENDING_SETTLEMENT,NODAL_CLEARING_RECEIVABLE,450.0,INR,-450.0,0.0,0.0,3642.97,Customer partial refund clawback applied on order_d2c_1001
rled_demo_08,acc_d2c_0001,7,2026-09-02T23:59:59Z,RECONCILIATION,SUB_PAISA_BREAKAGE_ROUNDING,,setl_demo_01,RAZORPAY_ROUNDING_SUSPENSE,MERCHANT_PENDING_SETTLEMENT,0.01,INR,-449.99,0.0,0.0,3642.97,Sub-paisa GST & MDR rounding breakage reconciled against suspense account
rled_demo_09,acc_chao_0007,1,2026-09-04T08:30:00Z,PAYOUT,FAILED_NODAL_TRANSFER_BOUNCE,,setl_demo_07,NODAL_PAYOUT_IN_TRANSIT,MERCHANT_AVAILABLE_FOR_PAYOUT,18085.23,INR,0.0,18085.23,0.0,0.0,Nodal transfer bounced! Penny-drop name mismatch. Restored to available balance.
rled_demo_10,acc_chao_0007,2,2026-09-05T18:00:00Z,RECOVERY,NEGATIVE_BALANCE_NACH_RECOVERY,,setl_demo_08,MERCHANT_NACH_AUTO_DEBIT,MERCHANT_AVAILABLE_FOR_PAYOUT,6756.05,INR,0.0,0.0,0.0,0.0,e-NACH auto-debit executed against merchant bank to clear festive refund deficit
